name,marketPrice,imageUrl
Weedle - 001/086,0.07,https://tcgplayer-cdn.tcgplayer.com/product/693561_in_200x200.jpg
Kakuna - 002/086,0.11,https://tcgplayer-cdn.tcgplayer.com/product/693502_in_200x200.jpg
Beedrill ex - 003/086,0.61,https://tcgplayer-cdn.tcgplayer.com/product/693453_in_200x200.jpg
Carnivine - 004/086,0.07,https://tcgplayer-cdn.tcgplayer.com/product/693459_in_200x200.jpg
Chespin - 005/086,0.09,https://tcgplayer-cdn.tcgplayer.com/product/693461_in_200x200.jpg
Quilladin - 006/086,0.1,https://tcgplayer-cdn.tcgplayer.com/product/693537_in_200x200.jpg
Chesnaught - 007/086,0.18,https://tcgplayer-cdn.tcgplayer.com/product/693460_in_200x200.jpg
Vulpix - 008/086,0.08,https://tcgplayer-cdn.tcgplayer.com/product/693558_in_200x200.jpg
Ninetales - 009/086,0.08,https://tcgplayer-cdn.tcgplayer.com/product/693526_in_200x200.jpg
Ho-Oh - 010/086,0.15,https://tcgplayer-cdn.tcgplayer.com/product/693500_in_200x200.jpg
Fennekin - 011/086,0.12,https://tcgplayer-cdn.tcgplayer.com/product/693484_in_200x200.jpg
Braixen - 012/086,0.21,https://tcgplayer-cdn.tcgplayer.com/product/693457_in_200x200.jpg
Delphox - 013/086,0.23,https://tcgplayer-cdn.tcgplayer.com/product/693473_in_200x200.jpg
Litleo - 014/086,0.08,https://tcgplayer-cdn.tcgplayer.com/product/693505_in_200x200.jpg
Mega Pyroar ex - 015/086,0.66,https://tcgplayer-cdn.tcgplayer.com/product/693519_in_200x200.jpg
Remoraid - 016/086,0.09,https://tcgplayer-cdn.tcgplayer.com/product/693539_in_200x200.jpg
Octillery - 017/086,0.06,https://tcgplayer-cdn.tcgplayer.com/product/693528_in_200x200.jpg
Delibird - 018/086,0.03,https://tcgplayer-cdn.tcgplayer.com/product/693472_in_200x200.jpg
Keldeo - 019/086,0.14,https://tcgplayer-cdn.tcgplayer.com/product/693503_in_200x200.jpg
Froakie - 020/086,0.13,https://tcgplayer-cdn.tcgplayer.com/product/693488_in_200x200.jpg
Frogadier - 021/086,0.25,https://tcgplayer-cdn.tcgplayer.com/product/693490_in_200x200.jpg
Mega Greninja ex - 022/086,0.97,https://tcgplayer-cdn.tcgplayer.com/product/693515_in_200x200.jpg
Bergmite - 023/086,0.06,https://tcgplayer-cdn.tcgplayer.com/product/693456_in_200x200.jpg
Avalugg - 024/086,0.05,https://tcgplayer-cdn.tcgplayer.com/product/693448_in_200x200.jpg
Wimpod - 025/086,0.06,https://tcgplayer-cdn.tcgplayer.com/product/693562_in_200x200.jpg
Golisopod - 026/086,0.06,https://tcgplayer-cdn.tcgplayer.com/product/693494_in_200x200.jpg
Mareep - 027/086,0.04,https://tcgplayer-cdn.tcgplayer.com/product/693507_in_200x200.jpg
Flaaffy - 028/086,0.1,https://tcgplayer-cdn.tcgplayer.com/product/693487_in_200x200.jpg
Ampharos - 029/086,0.21,https://tcgplayer-cdn.tcgplayer.com/product/693445_in_200x200.jpg
Emolga - 030/086,0.1,https://tcgplayer-cdn.tcgplayer.com/product/693481_in_200x200.jpg
Deoxys - 031/086,0.1,https://tcgplayer-cdn.tcgplayer.com/product/693474_in_200x200.jpg
Deoxys - 032/086,0.05,https://tcgplayer-cdn.tcgplayer.com/product/693475_in_200x200.jpg
Deoxys - 033/086,0.09,https://tcgplayer-cdn.tcgplayer.com/product/693476_in_200x200.jpg
Deoxys - 034/086,0.11,https://tcgplayer-cdn.tcgplayer.com/product/693477_in_200x200.jpg
Mega Floette ex - 035/086,0.79,https://tcgplayer-cdn.tcgplayer.com/product/693511_in_200x200.jpg
Espurr - 036/086,0.09,https://tcgplayer-cdn.tcgplayer.com/product/693483_in_200x200.jpg
Meowstic - 037/086,0.04,https://tcgplayer-cdn.tcgplayer.com/product/693521_in_200x200.jpg
Phantump - 038/086,0.06,https://tcgplayer-cdn.tcgplayer.com/product/693531_in_200x200.jpg
Trevenant - 039/086,0.17,https://tcgplayer-cdn.tcgplayer.com/product/693556_in_200x200.jpg
Pumpkaboo - 040/086,0.09,https://tcgplayer-cdn.tcgplayer.com/product/693536_in_200x200.jpg
Gourgeist ex - 041/086,0.54,https://tcgplayer-cdn.tcgplayer.com/product/693497_in_200x200.jpg
Xerneas - 042/086,0.14,https://tcgplayer-cdn.tcgplayer.com/product/693563_in_200x200.jpg
Sudowoodo - 043/086,0.04,https://tcgplayer-cdn.tcgplayer.com/product/693550_in_200x200.jpg
Phanpy - 044/086,0.11,https://tcgplayer-cdn.tcgplayer.com/product/693530_in_200x200.jpg
Donphan - 045/086,0.06,https://tcgplayer-cdn.tcgplayer.com/product/693478_in_200x200.jpg
Baltoy - 046/086,0.09,https://tcgplayer-cdn.tcgplayer.com/product/693452_in_200x200.jpg
Claydol - 047/086,0.04,https://tcgplayer-cdn.tcgplayer.com/product/693466_in_200x200.jpg
Mega Gallade ex - 048/086,0.63,https://tcgplayer-cdn.tcgplayer.com/product/693514_in_200x200.jpg
Zubat - 049/086,0.09,https://tcgplayer-cdn.tcgplayer.com/product/693565_in_200x200.jpg
Golbat - 050/086,0.07,https://tcgplayer-cdn.tcgplayer.com/product/693493_in_200x200.jpg
Crobat - 051/086,0.17,https://tcgplayer-cdn.tcgplayer.com/product/693470_in_200x200.jpg
Qwilfish - 052/086,0.1,https://tcgplayer-cdn.tcgplayer.com/product/693538_in_200x200.jpg
Stunky - 053/086,0.05,https://tcgplayer-cdn.tcgplayer.com/product/693549_in_200x200.jpg
Skuntank - 054/086,0.03,https://tcgplayer-cdn.tcgplayer.com/product/693544_in_200x200.jpg
Krookodile ex - 055/086,0.55,https://tcgplayer-cdn.tcgplayer.com/product/693504_in_200x200.jpg
Trubbish - 056/086,0.06,https://tcgplayer-cdn.tcgplayer.com/product/693557_in_200x200.jpg
Garbodor - 057/086,0.05,https://tcgplayer-cdn.tcgplayer.com/product/693492_in_200x200.jpg
Skrelp - 058/086,0.16,https://tcgplayer-cdn.tcgplayer.com/product/693543_in_200x200.jpg
Beldum - 059/086,0.15,https://tcgplayer-cdn.tcgplayer.com/product/693455_in_200x200.jpg
Metang - 060/086,0.05,https://tcgplayer-cdn.tcgplayer.com/product/693523_in_200x200.jpg
Metagross - 061/086,0.2,https://tcgplayer-cdn.tcgplayer.com/product/693522_in_200x200.jpg
Ferroseed - 062/086,0.03,https://tcgplayer-cdn.tcgplayer.com/product/693485_in_200x200.jpg
Ferrothorn - 063/086,0.05,https://tcgplayer-cdn.tcgplayer.com/product/693486_in_200x200.jpg
Cobalion ex - 064/086,0.63,https://tcgplayer-cdn.tcgplayer.com/product/693468_in_200x200.jpg
Mega Dragalge ex - 065/086,0.72,https://tcgplayer-cdn.tcgplayer.com/product/693508_in_200x200.jpg
Goomy - 066/086,0.06,https://tcgplayer-cdn.tcgplayer.com/product/693496_in_200x200.jpg
Sliggoo - 067/086,0.09,https://tcgplayer-cdn.tcgplayer.com/product/693545_in_200x200.jpg
Goodra - 068/086,0.16,https://tcgplayer-cdn.tcgplayer.com/product/693495_in_200x200.jpg
Tauros - 069/086,0.06,https://tcgplayer-cdn.tcgplayer.com/product/693552_in_200x200.jpg
Patrat - 070/086,0.09,https://tcgplayer-cdn.tcgplayer.com/product/693529_in_200x200.jpg
Watchog - 071/086,0.04,https://tcgplayer-cdn.tcgplayer.com/product/693559_in_200x200.jpg
Minccino - 072/086,0.1,https://tcgplayer-cdn.tcgplayer.com/product/693525_in_200x200.jpg
Cinccino ex - 073/086,0.78,https://tcgplayer-cdn.tcgplayer.com/product/693463_in_200x200.jpg
Adversity Policy - 074/086,0.08,https://tcgplayer-cdn.tcgplayer.com/product/693444_in_200x200.jpg
Ange Floette - 075/086,0.1,https://tcgplayer-cdn.tcgplayer.com/product/693447_in_200x200.jpg
AZ's Tranquility - 076/086,0.16,https://tcgplayer-cdn.tcgplayer.com/product/693449_in_200x200.jpg
Emma - 077/086,0.1,https://tcgplayer-cdn.tcgplayer.com/product/693479_in_200x200.jpg
Great Haul Net - 078/086,0.13,https://tcgplayer-cdn.tcgplayer.com/product/693499_in_200x200.jpg
Philippe - 079/086,0.14,https://tcgplayer-cdn.tcgplayer.com/product/693532_in_200x200.jpg
Prism Tower - 080/086,0.2,https://tcgplayer-cdn.tcgplayer.com/product/693534_in_200x200.jpg
Roxie's Performance - 081/086,0.09,https://tcgplayer-cdn.tcgplayer.com/product/693540_in_200x200.jpg
Special Red Card - 082/086,0.27,https://tcgplayer-cdn.tcgplayer.com/product/693547_in_200x200.jpg
Transformation Tome - 083/086,0.19,https://tcgplayer-cdn.tcgplayer.com/product/693555_in_200x200.jpg
Bubbly W Energy - 084/086,0.17,https://tcgplayer-cdn.tcgplayer.com/product/693458_in_200x200.jpg
Magnetic Metal Energy - 085/086,0.17,https://tcgplayer-cdn.tcgplayer.com/product/693506_in_200x200.jpg
Nitro R Energy - 086/086,0.18,https://tcgplayer-cdn.tcgplayer.com/product/693527_in_200x200.jpg
Chespin - 087/086,3.89,https://tcgplayer-cdn.tcgplayer.com/product/693462_in_200x200.jpg
Froakie - 088/086,8.97,https://tcgplayer-cdn.tcgplayer.com/product/693489_in_200x200.jpg
Frogadier - 089/086,6.45,https://tcgplayer-cdn.tcgplayer.com/product/693491_in_200x200.jpg
Ampharos - 090/086,6.76,https://tcgplayer-cdn.tcgplayer.com/product/693446_in_200x200.jpg
Xerneas - 091/086,8.03,https://tcgplayer-cdn.tcgplayer.com/product/693564_in_200x200.jpg
Claydol - 092/086,1.97,https://tcgplayer-cdn.tcgplayer.com/product/693467_in_200x200.jpg
Crobat - 093/086,2.57,https://tcgplayer-cdn.tcgplayer.com/product/693471_in_200x200.jpg
Metang - 094/086,2.39,https://tcgplayer-cdn.tcgplayer.com/product/693524_in_200x200.jpg
Sliggoo - 095/086,2.06,https://tcgplayer-cdn.tcgplayer.com/product/693546_in_200x200.jpg
Tauros - 096/086,3.45,https://tcgplayer-cdn.tcgplayer.com/product/693553_in_200x200.jpg
Watchog - 097/086,1.45,https://tcgplayer-cdn.tcgplayer.com/product/693560_in_200x200.jpg
Beedrill ex - 098/086,2.73,https://tcgplayer-cdn.tcgplayer.com/product/693454_in_200x200.jpg
Mega Pyroar ex - 099/086,3.17,https://tcgplayer-cdn.tcgplayer.com/product/693520_in_200x200.jpg
Mega Greninja ex - 100/086,9.92,https://tcgplayer-cdn.tcgplayer.com/product/693516_in_200x200.jpg
Mega Floette ex - 101/086,3.22,https://tcgplayer-cdn.tcgplayer.com/product/693512_in_200x200.jpg
Gourgeist ex - 102/086,1.36,https://tcgplayer-cdn.tcgplayer.com/product/693498_in_200x200.jpg
Cobalion ex - 103/086,1.63,https://tcgplayer-cdn.tcgplayer.com/product/693469_in_200x200.jpg
Mega Dragalge ex - 104/086,2.57,https://tcgplayer-cdn.tcgplayer.com/product/693509_in_200x200.jpg
Cinccino ex - 105/086,5.18,https://tcgplayer-cdn.tcgplayer.com/product/693464_in_200x200.jpg
AZ's Tranquility - 106/086,1.68,https://tcgplayer-cdn.tcgplayer.com/product/693450_in_200x200.jpg
Emma - 107/086,2.39,https://tcgplayer-cdn.tcgplayer.com/product/693480_in_200x200.jpg
Energy Retrieval - 108/086,1.76,https://tcgplayer-cdn.tcgplayer.com/product/693482_in_200x200.jpg
Jumbo Ice Cream - 109/086,4.3,https://tcgplayer-cdn.tcgplayer.com/product/693501_in_200x200.jpg
Philippe - 110/086,1.67,https://tcgplayer-cdn.tcgplayer.com/product/693533_in_200x200.jpg
Prism Tower - 111/086,2.61,https://tcgplayer-cdn.tcgplayer.com/product/693535_in_200x200.jpg
Roxie's Performance - 112/086,1.76,https://tcgplayer-cdn.tcgplayer.com/product/693541_in_200x200.jpg
Special Red Card - 113/086,3.12,https://tcgplayer-cdn.tcgplayer.com/product/693548_in_200x200.jpg
Surfing Beach - 114/086,3.47,https://tcgplayer-cdn.tcgplayer.com/product/693551_in_200x200.jpg
Tool Scrapper - 115/086,0.89,https://tcgplayer-cdn.tcgplayer.com/product/693554_in_200x200.jpg
Mega Greninja ex - 116/086,184.13,https://tcgplayer-cdn.tcgplayer.com/product/693517_in_200x200.jpg
Mega Floette ex - 117/086,30.67,https://tcgplayer-cdn.tcgplayer.com/product/693513_in_200x200.jpg
Mega Dragalge ex - 118/086,37.46,https://tcgplayer-cdn.tcgplayer.com/product/693510_in_200x200.jpg
Cinccino ex - 119/086,55.65,https://tcgplayer-cdn.tcgplayer.com/product/693465_in_200x200.jpg
AZ's Tranquility - 120/086,25.06,https://tcgplayer-cdn.tcgplayer.com/product/693451_in_200x200.jpg
Roxie's Performance - 121/086,23.27,https://tcgplayer-cdn.tcgplayer.com/product/693542_in_200x200.jpg
Mega Greninja ex - 122/086,171.23,https://tcgplayer-cdn.tcgplayer.com/product/693518_in_200x200.jpg
Code Card - Chaos Rising Booster Pack,0.03,https://tcgplayer-cdn.tcgplayer.com/product/695313_in_200x200.jpg
Code Card - Chaos Rising Booster Bundle,0.03,https://tcgplayer-cdn.tcgplayer.com/product/695399_in_200x200.jpg
Code Card - Chaos Rising Elite Trainer Box,0.16,https://tcgplayer-cdn.tcgplayer.com/product/695397_in_200x200.jpg
Code Card - Chaos Rising Build & Battle Box,0.22,https://tcgplayer-cdn.tcgplayer.com/product/695398_in_200x200.jpg
Code Card - Chaos Rising Pokemon Center Elite Trainer Box Digital Bundle,1.1,https://tcgplayer-cdn.tcgplayer.com/product/695312_in_200x200.jpg
